Workbook

Sheet Instructions
A1: Lab 2 Chart Choice and Visual Design
A2: APIO 114 Data Visualization | Semester 2027-01
A4: Student name | B4: اروى حمدان الحربي
A5: Student ID | B5: 2713963
A6: Duration | B6: 90 minutes
A7: Primary file | B7: Lab_02_Chart_Choice_and_Design.xlsx
A8: Save as | B8: APIO114_Lab02_2713963.xlsx
A9: Submission | B9: Completed workbook and exported chart or dashboard image
A10: Full directions | B10: See APIO114 Lab Manual 2027-01
A12: Task checklist
A13: Step | B13: Required task | C13: Complete
A14: 1 | B14: Compare category performance with a sorted horizontal bar chart. | C14: Complete
A15: 2 | B15: Show channel composition with a doughnut chart only after confirming part-to-whole. | C15: Complete
A16: 3 | B16: Apply Gestalt similarity and proximity to group related elements. | C16: Complete
A17: 4 | B17: Use one highlight color and direct labels where useful. | C17: Complete
A18: 5 | B18: Create a misleading version, then explain and correct the distortion. | C18: Complete

Sheet Category Performance
A1: Category Performance
A2: Use this summary to create a comparison chart.
A4: Category | B4: Revenue SAR | C4: Orders | D4: Average Rating
A5: Beverages | B5: 6994 | C5: 120 | D5: 4.25
A6: Snacks | B6: 6567 | C6: 120 | D6: 4.09
A7: Meals | B7: 11864 | C7: 120 | D7: 4.19
A8: Desserts | B8: 10042 | C8: 120 | D8: 4.22

Sheet Channel Composition
A1: Channel Composition
A2: Use this part-to-whole data only if the resulting chart remains easy
A4: Channel | B4: Revenue SAR | C4: Orders
A5: Click and Collect | B5: 12557 | C5: 160
A6: Delivery | B6: 11838 | C6: 160
A7: In Store | B7: 11072 | C7: 160

Sheet Chart Workspace
A1: Chart Workspace
A2: Create the required charts and record your design decisions.
J3: Chart helper tables (formulas – sorted from the source sheets)
A4: Chart 1 Revenue by category | J4: Category | K4: Revenue SAR
J5: =INDEX('Category Performance'!$A$5:$A$8,MATCH(K5,'Category Performance'!$B$5:$B$8,0)) -> Snacks | K5: =SMALL('Category Performance'!$B$5:$B$8,1) -> 6567
J6: =INDEX('Category Performance'!$A$5:$A$8,MATCH(K6,'Category Performance'!$B$5:$B$8,0)) -> Beverages | K6: =SMALL('Category Performance'!$B$5:$B$8,2) -> 6994
J7: =INDEX('Category Performance'!$A$5:$A$8,MATCH(K7,'Category Performance'!$B$5:$B$8,0)) -> Desserts | K7: =SMALL('Category Performance'!$B$5:$B$8,3) -> 10042
J8: =INDEX('Category Performance'!$A$5:$A$8,MATCH(K8,'Category Performance'!$B$5:$B$8,0)) -> Meals | K8: =SMALL('Category Performance'!$B$5:$B$8,4) -> 11864
J10: Channel | K10: Revenue SAR | L10: Share
J11: =INDEX('Channel Composition'!$A$5:$A$7,MATCH(K11,'Channel Composition'!$B$5:$B$7,0)) -> In Store | K11: =SMALL('Channel Composition'!$B$5:$B$7,1) -> 11072 | L11: =K11/SUM('Channel Composition'!$B$5:$B$7) -> 0.31217752
J12: =INDEX('Channel Composition'!$A$5:$A$7,MATCH(K12,'Channel Composition'!$B$5:$B$7,0)) -> Delivery | K12: =SMALL('Channel Composition'!$B$5:$B$7,2) -> 11838 | L12: =K12/SUM('Channel Composition'!$B$5:$B$7) -> 0.33377506
J13: =INDEX('Channel Composition'!$A$5:$A$7,MATCH(K13,'Channel Composition'!$B$5:$B$7,0)) -> Click and Collect | K13: =SMALL('Channel Composition'!$B$5:$B$7,3) -> 12557 | L13: =K13/SUM('Channel Composition'!$B$5:$B$7) -> 0.35404742
J14: Total | K14: =SUM('Channel Composition'!$B$5:$B$7) -> 35467
J15: Check: category total | K15: =SUM('Category Performance'!$B$5:$B$8) -> 35467
J16: Orders: categories | K16: =SUM('Category Performance'!$C$5:$C$8) -> 480
J17: Orders: channels | K17: =SUM('Channel Composition'!$C$5:$C$7) -> 480
A21: Design decision | B21: Your explanation
A22: Chart choice | B22: A horizontal bar chart, because the question is a comparison between categories. Viewers compare bar lengths on a common zero baseline very accurately, and the horizontal layout keeps the category names easy to read.
A23: Order | B23: Bars are sorted by revenue from highest (Meals, SAR 11,864) to lowest (Snacks, SAR 6,567), so the chart reads as a ranking and bar length and labels show the same order.
A24: Color | B24: One neutral grey-blue hue for all bars (Gestalt similarity: same color = same kind of item). Only Meals, the category named in the title, is highlighted in dark blue as the single preattentive accent.
A25: Labels and scale | B25: Revenue values are labelled directly at the end of each bar (Gestalt proximity), so the legend was removed because it only repeated the category names. The value axis starts at 0 so bar length is proportional to revenue; no gridlines, 3D or gradients.
A27: Chart 2 Revenue by channel
A44: Design decision | B44: Your explanation
A45: Chart choice | B45: The data is part-to-whole: the three channels add up to the same total as the categories (SAR 35,467) and every order belongs to one channel (3 × 160 = 480 orders). However, the shares are very close (35.4%, 33.4%, 31.2%), so doughnut slices would look almost equal and be hard to compare. Following the lab rule, a sorted bar chart of percentage share was used instead of a doughnut.
A46: Order | B46: Channels are sorted from the largest share (Click and Collect) to the smallest (In Store), so the largest channel is the top bar and can be found in under five seconds.
A47: Color | B47: All bars share one grey-blue hue (similarity); only Click and Collect, named in the title, is highlighted in dark blue. Flat colors with good contrast – no gradients, 3D or exploded slices.
A48: Labels and scale | B48: Each bar is labelled directly with its percentage share (proximity), so no legend is needed. The axis starts at 0% so the small differences between channels are shown honestly.
A50: Misleading chart – diagnose and repair
A51: A) Misleading version (duplicate of the channel chart with the value axis truncated at SAR 10,000) – not part of the final charts
A68: How the change distorts perception
A69: Because the value axis starts at SAR 10,000 instead of 0, the visible part of the Click and Collect bar (2,557) is about 2.4 times the In Store bar (1,072), so it looks more than twice as large even though its revenue is only about 13% higher (SAR 12,557 vs SAR 11,072).
A70: Viewers judge bars by their length rather than by reading the axis numbers, so the truncated axis exaggerates small differences and makes In Store look like a weak channel when all three channels are actually close.
A72: How it was corrected
A73: The axis minimum was reset to 0, the bars were sorted from largest to smallest, values were labelled directly, the title was rewritten to state the real finding, and only the leading channel is highlighted. The corrected version is kept below for submission.
A75: B) Corrected version (axis starts at 0)

Sheet Dashboard
A1: APIO 114 – Lab 2 Chart Choice and Visual Design | Student ID 2713963
A2: Final corrected charts: category comparison and channel composition
