Workbook

Sheet Cover
A1: Lab 2 – Chart Choice and Visual Design
A3: Student ID | B3: ENTER_STUDENT_ID
A4: Student name | B4: ENTER_NAME
A5: Software | B5: Microsoft Excel
A6: Guiding question | B6: Which chart form and visual choices make category and channel comparisons easiest to understand?
A8: Sheet guide
A9: Source_Data | B9: Raw transactions – left unchanged (sample data: replace with the rows from the course file if they differ).
A10: Category Summary | B10: Revenue by category (SUMIFS on Source_Data) + sorted table that feeds the bar chart.
A11: Channel Summary | B11: Revenue and share by channel (SUMIFS) + sorted table that feeds the doughnut.
A12: Chart_Comparison | B12: Corrected chart 1 – sorted horizontal bar of category revenue.
A13: Chart_Composition | B13: Corrected chart 2 – sorted doughnut of revenue share by channel.
A14: Misleading_Chart | B14: Duplicate with a truncated axis + explanation and the repaired version.
A15: Design_Decisions | B15: Completed design-decision table and chart-choice sentences.
A17: Legend: yellow cells = fill in your details. Blue text = hard-coded inputs; black = formulas; green = links to another sheet.

Sheet Source_Data
A1: Order ID | B1: Month | C1: Category | D1: Channel | E1: Revenue ($)
A2: 1001 | B2: Jan | C2: Electronics | D2: Online | E2: 8018
A3: 1002 | B3: Jan | C3: Electronics | D3: Retail Store | E3: 3934
A4: 1003 | B4: Jan | C4: Electronics | D4: Wholesale | E4: 2346
A5: 1004 | B5: Jan | C5: Furniture | D5: Online | E5: 5340
A6: 1005 | B6: Jan | C6: Furniture | D6: Retail Store | E6: 3718
A7: 1006 | B7: Jan | C7: Furniture | D7: Wholesale | E7: 2005
A8: 1007 | B8: Jan | C8: Office Supplies | D8: Online | E8: 4998
A9: 1008 | B9: Jan | C9: Office Supplies | D9: Retail Store | E9: 2336
A10: 1009 | B10: Jan | C10: Office Supplies | D10: Wholesale | E10: 1428
A11: 1010 | B11: Jan | C11: Clothing | D11: Online | E11: 3082
A12: 1011 | B12: Jan | C12: Clothing | D12: Retail Store | E12: 1958
A13: 1012 | B13: Jan | C13: Clothing | D13: Wholesale | E13: 1175
... A91: 1090 | B91: Jun | C91: Accessories | D91: Wholesale | E91: 690
A93: Note: sample transactions created for this lab. If your course file contains different values, paste them here – every summary and chart updates automatically.

Sheet Category Summary
A1: Category Summary
E2: Sorted for chart (smallest → largest, so the largest bar sits at the top of a horizontal bar chart)
A3: Category | B3: Revenue ($) | C3: Share of total | E3: Rank | F3: Category | G3: Revenue ($)
A4: Electronics | B4: =SUMIFS(Source_Data!$E$2:$E$91,Source_Data!$C$2:$C$91,A4) -> 89467 | C4: =B4/$B$9 -> 0.32325397 | E4: 5 | F4: =INDEX($A$4:$A$8,MATCH(G4,$B$4:$B$8,0)) -> Accessories | G4: =SMALL($B$4:$B$8,1) -> 27188
A5: Furniture | B5: =SUMIFS(Source_Data!$E$2:$E$91,Source_Data!$C$2:$C$91,A5) -> 68215 | C5: =B5/$B$9 -> 0.24646819 | E5: 4 | F5: =INDEX($A$4:$A$8,MATCH(G5,$B$4:$B$8,0)) -> Clothing | G5: =SMALL($B$4:$B$8,2) -> 40734
A6: Office Supplies | B6: =SUMIFS(Source_Data!$E$2:$E$91,Source_Data!$C$2:$C$91,A6) -> 51166 | C6: =B6/$B$9 -> 0.1848683 | E6: 3 | F6: =INDEX($A$4:$A$8,MATCH(G6,$B$4:$B$8,0)) -> Office Supplies | G6: =SMALL($B$4:$B$8,3) -> 51166
A7: Clothing | B7: =SUMIFS(Source_Data!$E$2:$E$91,Source_Data!$C$2:$C$91,A7) -> 40734 | C7: =B7/$B$9 -> 0.14717636 | E7: 2 | F7: =INDEX($A$4:$A$8,MATCH(G7,$B$4:$B$8,0)) -> Furniture | G7: =SMALL($B$4:$B$8,4) -> 68215
A8: Accessories | B8: =SUMIFS(Source_Data!$E$2:$E$91,Source_Data!$C$2:$C$91,A8) -> 27188 | C8: =B8/$B$9 -> 0.09823319 | E8: 1 | F8: =INDEX($A$4:$A$8,MATCH(G8,$B$4:$B$8,0)) -> Electronics | G8: =SMALL($B$4:$B$8,5) -> 89467
A9: Total | B9: =SUM(B4:B8) -> 276770 | C9: =SUM(C4:C8) -> 1

Sheet Channel Summary
A1: Channel Summary
E2: Sorted for chart (largest → smallest; slices start at 12 o'clock and run clockwise)
A3: Channel | B3: Revenue ($) | C3: Share of total | E3: Rank | F3: Channel | G3: Revenue ($) | H3: Share
A4: Online | B4: =SUMIFS(Source_Data!$E$2:$E$91,Source_Data!$D$2:$D$91,A4) -> 146224 | C4: =B4/$B$7 -> 0.52832316 | E4: 1 | F4: =INDEX($A$4:$A$6,MATCH(G4,$B$4:$B$6,0)) -> Online | G4: =LARGE($B$4:$B$6,1) -> 146224 | H4: =G4/$B$7 -> 0.52832316
A5: Retail Store | B5: =SUMIFS(Source_Data!$E$2:$E$91,Source_Data!$D$2:$D$91,A5) -> 83197 | C5: =B5/$B$7 -> 0.30059978 | E5: 2 | F5: =INDEX($A$4:$A$6,MATCH(G5,$B$4:$B$6,0)) -> Retail Store | G5: =LARGE($B$4:$B$6,2) -> 83197 | H5: =G5/$B$7 -> 0.30059978
A6: Wholesale | B6: =SUMIFS(Source_Data!$E$2:$E$91,Source_Data!$D$2:$D$91,A6) -> 47349 | C6: =B6/$B$7 -> 0.17107707 | E6: 3 | F6: =INDEX($A$4:$A$6,MATCH(G6,$B$4:$B$6,0)) -> Wholesale | G6: =LARGE($B$4:$B$6,3) -> 47349 | H6: =G6/$B$7 -> 0.17107707
A7: Total | B7: =SUM(B4:B6) -> 276770 | C7: =SUM(C4:C6) -> 1

Sheet Chart_Comparison
A1: Chart 1 – Comparison: revenue by category (corrected / final)
A2: Horizontal bar · sorted by revenue · axis starts at 0 · single hue with the top category highlighted · direct labels · no legend

Sheet Chart_Composition
A1: Chart 2 – Composition: share of revenue by channel (corrected / final)
A2: Doughnut · all three channels · slices sorted largest → smallest · % labels on slices · flat colours, no gradient / 3D / exploded slices

Sheet Misleading_Chart
A1: Diagnose a misleading chart
A3: A) MISLEADING version – duplicate of Chart 1 with the value axis truncated to start at 25,000 (NOT for submission as final)
A23: Why it distorts perception (2 sentences)
A24: Because the value axis starts at 25,000 instead of 0, bar length no longer stays proportional to revenue, so Electronics looks many times larger than Accessories even though the real gap is far smaller.
A25: Viewers judge bars by length rather than by reading the axis numbers, so the truncation exaggerates the differences between categories and makes the smaller categories seem almost negligible.
A27: How it was repaired
A28: Repair: the value axis minimum was reset to 0, the misleading title was replaced with a factual one, and the highlight colour was restored to the category named in the title. The corrected chart is below and in Chart_Comparison.
A30: B) CORRECTED version – axis starts at zero (retained for submission)

Sheet Design_Decisions
A1: Design-decision table
A3: Decision | B3: Chart 1 – Category revenue | C3: Chart 2 – Channel revenue | D3: Reason / principle
A4: Analytical question | B4: Which category earns the most revenue, and how do categories rank? | C4: How is total revenue split across the three channels? | D4: Chart form follows the question, not personal preference.
A5: Question type | B5: Comparison (ranking) | C5: Part-to-whole (composition) | D5: Comparison → bar; part-to-whole with few parts → doughnut or bar.
A6: Chart form | B6: Horizontal bar chart | C6: Doughnut chart (sorted bar is the fallback) | D6: Horizontal bars fit long category names; doughnut shows shares of one whole.
A7: Sorting | B7: Descending by revenue (largest at top) | C7: Slices largest → smallest, clockwise from 12 o'clock | D7: Sorted order lets the eye rank instantly.
A8: Axis / scale | B8: Value axis starts at 0 | C8: Not applicable – percentages add to 100% | D8: Bar length must be proportional to value (honest scale).
A9: Colour | B9: Single grey-blue hue; only the top category (Electronics) highlighted in dark blue | C9: Three shades of one blue, darkest for largest slice | D9: Preattentive colour draws attention to the one item named in the title.
A10: Labels | B10: Revenue values labelled directly at bar ends | C10: Category name + % share on each slice | D10: Direct labels remove the need for a legend (proximity).
A11: Legend | B11: Removed – it repeated the category labels | C11: Removed – slices are labelled directly | D11: Less clutter, less eye travel.
A12: Gestalt principles | B12: Similarity (same colour = same kind), proximity (labels next to bars) | C12: Enclosure (the ring forms one whole), proximity (labels on slices) | D12: Grouping makes the structure obvious.
A13: Decoration | B13: No gridlines, no 3D, no gradient | C13: No 3D, no gradient, no exploded slices; white slice borders for contrast | D13: Minimal decoration – data ink only.
A14: Title | B14: Electronics generates the highest revenue of all categories | C14: Online brings in about half of all revenue | D14: Titles state the takeaway, not just the topic.
A15: 5-second test | B15: Largest category is the top, darkest bar | C15: Largest channel is the darkest, biggest slice | D15: Checkpoint passed.
A17: Chart-choice sentences
A18: Why a bar chart suits category comparison | B18: A bar chart suits category comparison because viewers compare bar lengths on a common zero baseline very accurately, and sorting the bars turns the chart into an instant ranking of the categories.
A19: Does three-channel data justify a doughnut? | B19: Yes: there are only three channels, they form one whole (100% of revenue) and their shares are clearly different (≈53%, 30%, 17%), so a sorted, directly labelled doughnut is readable. If the shares were close to each other, a sorted bar chart would be used instead, because angles and areas are harder to compare than lengths.
A20: Checkpoint | B20: Each chart choice follows the analytical question (comparison → bar; part-to-whole → doughnut) rather than personal preference.
